<!-- 'value' = number of milliseconds to display the splash screen in a Cordova build. -->
<!-- This preference only affects Cordova builds for Crosswalk and Android. -->
<!-- <preference name="SplashScreenDelay" value="2000" /> -->

<platform name="ios">
    <!-- below requires the splash screen plugin -->
    <!-- docs: https://github.com/apache/cordova-plugin-splashscreen -->
    <preference name="AutoHideSplashScreen" value="true" />
    <preference name="FadeSplashScreen" value="false"/>
    <preference name="FadeSplashScreenDuration" value="2"/>
    <preference name="ShowSplashScreenSpinner" value="false"/>

    <!-- below requires the status bar plugin -->
    <!-- docs: https://github.com/apache/cordova-plugin-statusbar -->
    <!-- see http://devgirl.org/2014/07/31/phonegap-developers-guid -->
    <preference name="StatusBarOverlaysWebView" value="false" />
    <preference name="StatusBarBackgroundColor" value="#000000" />
    <preference name="StatusBarStyle" value="lightcontent" />
</platform>

<platform name="android">
    <!-- below requires the splash screen plugin -->
    <!-- docs: https://github.com/apache/cordova-plugin-splashscreen -->
    <preference name="SplashMaintainAspectRatio" value="false" />
</platform>

<!-- use this feature to add command-lines to be used by Crosswalk builds on device -->
<!-- see http://peter.sh/experiments/chromium-command-line-switches/ for complete list -->
<preference name="xwalkCommandLine" value="--disable-pull-to-refresh-effect --ignore-gpu-blacklist" />
